Model,Accuracy,Precision,Recall,F1-Score
Random Forest,0.36666666666666664,0.41935483870967744,0.3939393939393939,0.40625
XGBoost,0.55,0.625,0.45454545454545453,0.5263157894736842
Logistic Regression,0.4666666666666667,0.5161290322580645,0.48484848484848486,0.5
